Claim_ID,Claimant_Type,Damage_Category,Status,Requested_Amount,Approved_Amount,Assigned_Counsel,Filing_Date,Resolution_Date
CLM-10001,Individual,Property Damage,Disbursed,31598.04,26502.54,Gomez Legal,2025-03-07,2025-10-27
CLM-10002,Individual,Lost Agricultural Income,Rejected,13422.12,0.0,Patel Law Group,2025-05-05,2025-05-26
CLM-10003,Individual,Lost Agricultural Income,Rejected,7984.75,0.0,Rivera & Co,2024-10-05,2025-11-20
CLM-10004,Business,Structural Damage,Rejected,51907.98,0.0,Gomez Legal,2023-04-21,2025-12-24
CLM-10005,Individual,Relocation Expenses,Approved,81089.68,58100.08,Gomez Legal,2024-02-09,2024-07-23
CLM-10006,Individual,Relocation Expenses,Rejected,11766.52,0.0,Smith & Associates,2023-05-18,2025-07-25
CLM-10007,Individual,Relocation Expenses,Under Review,118850.51,,Rivera & Co,2025-06-23,
CLM-10008,Individual,Property Damage,Disbursed,11735.31,7841.65,Chen Defenders,2024-11-06,2025-09-26
CLM-10009,Individual,Property Damage,Disbursed,145016.64,104679.61,Gomez Legal,2025-12-01,2025-12-21
CLM-10010,Individual,Lost Agricultural Income,Disbursed,104073.21,97129.23,Rivera & Co,2024-02-02,2026-01-19
CLM-10011,Individual,Property Damage,Disbursed,42523.1,30815.83,Smith & Associates,2025-10-14,2025-12-12
CLM-10012,Individual,Relocation Expenses,Under Review,87316.55,,Chen Defenders,2025-04-04,
CLM-10013,Business,Structural Damage,Rejected,1018118.08,0.0,Rivera & Co,2023-01-22,2025-04-24
CLM-10014,Business,Property Damage,Under Review,266806.63,,Gomez Legal,2025-04-29,
CLM-10015,Individual,Property Damage,Under Review,61358.21,,Smith & Associates,2024-12-01,
CLM-10016,Business,Structural Damage,Disbursed,2414875.5,1715526.77,Chen Defenders,2023-10-04,2024-05-05
CLM-10017,Individual,Property Damage,Rejected,15809.84,0.0,Gomez Legal,2023-12-16,2025-03-06
CLM-10018,Business,Property Damage,Disbursed,2047880.5,1825896.13,Gomez Legal,2025-07-18,2026-02-07
CLM-10019,Business,Business Interruption,Disbursed,2319437.15,2240538.87,Smith & Associates,2023-10-22,2025-09-23
CLM-10020,Business,Structural Damage,Approved,283754.79,246167.64,Gomez Legal,2024-07-19,2024-12-30
CLM-10021,Individual,Relocation Expenses,Approved,133645.85,86580.82,Rivera & Co,2023-03-15,2025-03-17
CLM-10022,Business,Business Interruption,Under Review,1818237.33,,Chen Defenders,2023-06-20,
CLM-10023,Individual,Lost Agricultural Income,Approved,80796.26,49299.26,Smith & Associates,2025-09-23,2025-09-25
CLM-10024,Individual,Lost Agricultural Income,Approved,134885.72,111322.56,Patel Law Group,2025-06-20,2025-12-13
CLM-10025,Individual,Property Damage,Approved,41147.37,37124.0,Patel Law Group,2024-02-15,2024-04-01
CLM-10026,Individual,Lost Agricultural Income,Under Review,47013.96,,Smith & Associates,2025-09-21,
CLM-10027,Business,Business Interruption,Under Review,774302.53,,Rivera & Co,2024-10-20,
CLM-10028,Individual,Relocation Expenses,Approved,133075.64,86344.16,Chen Defenders,2023-05-25,2024-04-23
CLM-10029,Individual,Relocation Expenses,Under Review,20957.53,,Rivera & Co,2025-03-13,
CLM-10030,Individual,Property Damage,Under Review,129805.93,,Chen Defenders,2025-05-07,
CLM-10031,Individual,Property Damage,Disbursed,75300.35,53294.95,Gomez Legal,2023-02-10,2023-10-06
CLM-10032,Individual,Lost Agricultural Income,Disbursed,51864.43,45703.33,Smith & Associates,2023-04-19,2023-09-16
CLM-10033,Individual,Property Damage,Under Review,41817.74,,Chen Defenders,2023-12-29,
CLM-10034,Individual,Lost Agricultural Income,Under Review,48627.35,,Chen Defenders,2023-10-09,
CLM-10035,Individual,Property Damage,Approved,146609.17,89903.72,Patel Law Group,2024-10-03,2025-02-23
CLM-10036,Individual,Property Damage,Under Review,39736.47,,Patel Law Group,2023-05-09,
CLM-10037,Individual,Relocation Expenses,Disbursed,40098.01,36274.58,Rivera & Co,2025-06-30,2026-01-15
CLM-10038,Individual,Lost Agricultural Income,Approved,121455.26,120649.92,Gomez Legal,2025-03-16,2025-10-21
CLM-10039,Individual,Lost Agricultural Income,Disbursed,18092.02,13176.64,Gomez Legal,2024-05-17,2025-09-06
CLM-10040,Individual,Property Damage,Approved,129462.03,89082.36,Smith & Associates,2025-10-24,2025-12-29
CLM-10041,Business,Property Damage,Disbursed,604914.65,405139.51,Patel Law Group,2025-05-19,2025-09-27
CLM-10042,Individual,Lost Agricultural Income,Under Review,140825.85,,Gomez Legal,2025-11-01,
CLM-10043,Individual,Property Damage,Disbursed,35315.39,31017.99,Rivera & Co,2023-02-06,2024-07-19
CLM-10044,Individual,Relocation Expenses,Disbursed,147414.41,103828.64,Chen Defenders,2023-09-12,2025-10-14
CLM-10045,Municipality,Structural Damage,Disbursed,9688774.16,9233930.17,Smith & Associates,2025-04-08,2025-11-11
CLM-10046,Individual,Property Damage,Disbursed,55635.39,53345.67,Chen Defenders,2023-01-06,2026-02-11
CLM-10047,Business,Business Interruption,Under Review,1622977.53,,Patel Law Group,2024-09-20,
CLM-10048,Individual,Relocation Expenses,Disbursed,102003.3,76391.61,Smith & Associates,2024-02-23,2025-05-10
CLM-10049,Business,Business Interruption,Under Review,62400.88,,Smith & Associates,2024-01-11,
CLM-10050,Individual,Relocation Expenses,Rejected,70021.5,0.0,Patel Law Group,2024-12-22,2025-01-23
CLM-10051,Individual,Property Damage,Under Review,76614.59,,Smith & Associates,2023-04-01,
CLM-10052,Individual,Lost Agricultural Income,Approved,109536.29,89492.91,Chen Defenders,2025-10-03,2025-10-30
CLM-10053,Individual,Relocation Expenses,Under Review,43454.34,,Rivera & Co,2023-12-03,
CLM-10054,Municipality,Structural Damage,Rejected,4537879.52,0.0,Rivera & Co,2024-02-21,2024-12-05
CLM-10055,Individual,Relocation Expenses,Disbursed,55761.37,48376.87,Rivera & Co,2023-01-16,2023-09-11
CLM-10056,Business,Business Interruption,Disbursed,1273023.78,1155169.28,Patel Law Group,2025-05-17,2026-02-16
CLM-10057,Individual,Relocation Expenses,Rejected,143319.64,0.0,Patel Law Group,2023-08-24,2025-07-05
CLM-10058,Individual,Property Damage,Approved,143195.42,117578.62,Rivera & Co,2024-08-09,2025-07-23
CLM-10059,Individual,Property Damage,Approved,15925.21,10771.25,Chen Defenders,2025-06-25,2025-12-10
CLM-10060,Individual,Lost Agricultural Income,Disbursed,29576.45,28821.12,Patel Law Group,2023-02-14,2025-09-20
CLM-10061,Individual,Relocation Expenses,Disbursed,19090.59,19014.64,Chen Defenders,2025-06-28,2025-09-19
CLM-10062,Individual,Lost Agricultural Income,Approved,47817.14,44922.67,Rivera & Co,2023-04-17,2025-10-21
CLM-10063,Individual,Relocation Expenses,Under Review,57126.22,,Patel Law Group,2025-06-04,
CLM-10064,Business,Property Damage,Disbursed,677707.01,428742.99,Rivera & Co,2024-07-11,2025-07-12
CLM-10065,Individual,Property Damage,Under Review,33169.72,,Rivera & Co,2025-11-15,
CLM-10066,Individual,Relocation Expenses,Approved,134050.77,100569.34,Smith & Associates,2024-12-10,2025-01-02
CLM-10067,Individual,Lost Agricultural Income,Approved,102443.79,67819.49,Smith & Associates,2024-01-12,2024-03-06
CLM-10068,Municipality,Structural Damage,Rejected,8550401.52,0.0,Chen Defenders,2024-08-03,2025-10-05
CLM-10069,Individual,Relocation Expenses,Approved,124277.08,80882.53,Patel Law Group,2024-03-22,2024-04-22
CLM-10070,Individual,Property Damage,Rejected,44373.72,0.0,Smith & Associates,2024-01-22,2024-05-15
CLM-10071,Individual,Relocation Expenses,Disbursed,12493.85,10198.16,Smith & Associates,2025-01-08,2025-12-19
CLM-10072,Individual,Property Damage,Disbursed,145582.85,89741.2,Chen Defenders,2024-04-13,2025-03-14
CLM-10073,Individual,Lost Agricultural Income,Under Review,68650.86,,Smith & Associates,2023-05-08,
CLM-10074,Individual,Property Damage,Approved,16726.58,14642.45,Patel Law Group,2024-01-01,2025-07-08
CLM-10075,Individual,Relocation Expenses,Under Review,27683.37,,Patel Law Group,2024-01-27,
CLM-10076,Individual,Property Damage,Under Review,100728.62,,Patel Law Group,2025-08-05,
CLM-10077,Municipality,Structural Damage,Disbursed,7641072.25,6454324.32,Smith & Associates,2023-04-27,2025-07-24
CLM-10078,Individual,Relocation Expenses,Disbursed,56616.04,34295.58,Patel Law Group,2023-12-08,2024-05-05
CLM-10079,Individual,Property Damage,Approved,18652.76,18499.89,Rivera & Co,2025-07-18,2025-11-10
CLM-10080,Individual,Relocation Expenses,Disbursed,115687.84,85437.98,Rivera & Co,2023-07-02,2024-04-24
CLM-10081,Individual,Property Damage,Disbursed,62783.19,53619.2,Patel Law Group,2025-01-04,2026-02-02
CLM-10082,Individual,Lost Agricultural Income,Rejected,7219.16,0.0,Gomez Legal,2024-03-15,2025-05-09
CLM-10083,Individual,Property Damage,Disbursed,104174.75,101836.72,Chen Defenders,2025-08-23,2026-01-07
CLM-10084,Business,Property Damage,Disbursed,2012325.77,1668915.97,Patel Law Group,2023-01-24,2023-11-13
CLM-10085,Individual,Property Damage,Rejected,84114.43,0.0,Rivera & Co,2025-02-28,2025-11-28
CLM-10086,Individual,Property Damage,Under Review,99465.29,,Gomez Legal,2024-07-23,
CLM-10087,Individual,Lost Agricultural Income,Under Review,59702.57,,Rivera & Co,2024-04-20,
CLM-10088,Individual,Lost Agricultural Income,Approved,15322.35,14371.6,Chen Defenders,2025-08-05,2026-02-14
CLM-10089,Individual,Relocation Expenses,Approved,42800.71,37542.91,Chen Defenders,2023-11-11,2024-05-01
CLM-10090,Individual,Lost Agricultural Income,Disbursed,132233.44,121838.88,Rivera & Co,2024-01-10,2026-01-14
CLM-10091,Individual,Relocation Expenses,Disbursed,66403.29,55139.29,Patel Law Group,2025-07-12,2025-09-29
CLM-10092,Business,Structural Damage,Disbursed,662540.3,627324.06,Rivera & Co,2023-03-31,2025-07-13
CLM-10093,Individual,Property Damage,Disbursed,103577.49,72016.86,Smith & Associates,2024-06-17,2024-08-10
CLM-10094,Individual,Property Damage,Disbursed,78261.59,56975.99,Chen Defenders,2024-04-07,2024-12-09
CLM-10095,Business,Business Interruption,Rejected,181038.98,0.0,Patel Law Group,2024-11-23,2026-02-17
CLM-10096,Business,Business Interruption,Rejected,832318.41,0.0,Patel Law Group,2024-05-04,2025-03-23
CLM-10097,Municipality,Structural Damage,Disbursed,6160940.99,4801703.15,Smith & Associates,2023-01-13,2023-08-14
CLM-10098,Individual,Property Damage,Under Review,85286.94,,Patel Law Group,2023-04-21,
CLM-10099,Business,Business Interruption,Rejected,327988.27,0.0,Smith & Associates,2024-03-29,2025-04-14
CLM-10100,Municipality,Structural Damage,Under Review,9963381.18,,Chen Defenders,2025-05-22,
CLM-10101,Business,Business Interruption,Under Review,909741.78,,Rivera & Co,2024-01-23,
CLM-10102,Individual,Relocation Expenses,Rejected,126359.76,0.0,Chen Defenders,2023-05-06,2024-06-02
CLM-10103,Business,Structural Damage,Under Review,1767374.37,,Gomez Legal,2024-10-13,
CLM-10104,Business,Structural Damage,Disbursed,409181.81,283682.16,Smith & Associates,2023-08-24,2023-09-10
CLM-10105,Individual,Property Damage,Disbursed,58743.11,57503.6,Patel Law Group,2023-07-21,2025-09-15
CLM-10106,Municipality,Structural Damage,Approved,7780403.67,4928109.92,Smith & Associates,2024-01-23,2025-02-16
CLM-10107,Business,Structural Damage,Under Review,1777456.69,,Rivera & Co,2025-01-30,
CLM-10108,Individual,Relocation Expenses,Under Review,76430.64,,Rivera & Co,2024-05-09,
CLM-10109,Individual,Relocation Expenses,Disbursed,112441.21,104470.94,Patel Law Group,2025-12-18,2025-12-25
CLM-10110,Business,Property Damage,Rejected,1479253.47,0.0,Chen Defenders,2024-07-12,2025-04-20
CLM-10111,Individual,Property Damage,Disbursed,17019.24,13181.99,Patel Law Group,2023-05-17,2025-01-27
CLM-10112,Business,Business Interruption,Under Review,2426203.13,,Rivera & Co,2025-12-12,
CLM-10113,Business,Structural Damage,Rejected,2315376.16,0.0,Patel Law Group,2025-12-13,2026-01-20
CLM-10114,Individual,Lost Agricultural Income,Disbursed,145548.87,123972.63,Chen Defenders,2024-02-18,2025-09-04
CLM-10115,Individual,Lost Agricultural Income,Disbursed,149395.55,112596.55,Patel Law Group,2025-02-25,2026-02-06
CLM-10116,Business,Property Damage,Rejected,738359.81,0.0,Chen Defenders,2024-04-16,2024-09-06
CLM-10117,Business,Business Interruption,Under Review,729583.9,,Smith & Associates,2025-07-26,
CLM-10118,Individual,Relocation Expenses,Under Review,38262.24,,Patel Law Group,2025-04-21,
CLM-10119,Individual,Lost Agricultural Income,Disbursed,106233.45,76892.94,Gomez Legal,2024-12-15,2025-10-23
CLM-10120,Business,Business Interruption,Under Review,376303.56,,Smith & Associates,2024-01-12,
CLM-10121,Business,Property Damage,Disbursed,1828012.8,1402629.13,Rivera & Co,2023-02-23,2024-08-24
CLM-10122,Business,Structural Damage,Under Review,1401390.29,,Gomez Legal,2024-11-06,
CLM-10123,Individual,Relocation Expenses,Rejected,122530.23,0.0,Patel Law Group,2023-12-31,2024-05-11
CLM-10124,Individual,Property Damage,Approved,113688.85,105920.0,Rivera & Co,2024-11-28,2025-09-13
CLM-10125,Individual,Property Damage,Approved,72960.51,51755.47,Patel Law Group,2025-12-23,2026-02-07
CLM-10126,Individual,Relocation Expenses,Disbursed,105298.59,94764.97,Gomez Legal,2025-08-25,2026-01-04
CLM-10127,Business,Property Damage,Rejected,1934019.17,0.0,Patel Law Group,2023-07-27,2024-07-05
CLM-10128,Business,Business Interruption,Under Review,640657.84,,Smith & Associates,2025-04-16,
CLM-10129,Individual,Property Damage,Under Review,92895.32,,Rivera & Co,2023-04-28,
CLM-10130,Individual,Relocation Expenses,Under Review,56933.59,,Rivera & Co,2025-06-23,
CLM-10131,Individual,Relocation Expenses,Disbursed,74050.55,53546.76,Rivera & Co,2025-05-14,2026-02-15
CLM-10132,Business,Business Interruption,Disbursed,266600.15,222873.02,Patel Law Group,2025-01-16,2025-12-26
CLM-10133,Individual,Lost Agricultural Income,Disbursed,114494.9,100942.36,Smith & Associates,2025-06-13,2025-11-21
CLM-10134,Individual,Relocation Expenses,Rejected,94503.24,0.0,Patel Law Group,2025-03-18,2025-10-20
CLM-10135,Individual,Relocation Expenses,Approved,61875.39,59503.3,Patel Law Group,2025-11-05,2026-01-20
CLM-10136,Individual,Relocation Expenses,Rejected,70382.01,0.0,Gomez Legal,2023-04-28,2024-09-03
CLM-10137,Individual,Relocation Expenses,Rejected,130042.74,0.0,Gomez Legal,2025-03-30,2025-05-04
CLM-10138,Individual,Property Damage,Under Review,76356.86,,Smith & Associates,2025-11-17,
CLM-10139,Individual,Relocation Expenses,Approved,95016.82,64958.47,Gomez Legal,2024-04-30,2025-10-14
CLM-10140,Individual,Lost Agricultural Income,Under Review,16000.18,,Smith & Associates,2025-02-07,
CLM-10141,Individual,Lost Agricultural Income,Disbursed,63043.57,42366.98,Rivera & Co,2025-04-01,2025-08-18
CLM-10142,Individual,Property Damage,Approved,135034.32,117077.87,Patel Law Group,2025-08-26,2025-09-24
CLM-10143,Individual,Relocation Expenses,Disbursed,37458.11,27645.32,Patel Law Group,2025-06-01,2025-09-24
CLM-10144,Individual,Relocation Expenses,Under Review,17861.87,,Gomez Legal,2024-03-26,
CLM-10145,Individual,Relocation Expenses,Under Review,134661.5,,Gomez Legal,2025-06-09,
CLM-10146,Individual,Lost Agricultural Income,Disbursed,10700.26,9107.63,Smith & Associates,2023-11-15,2025-04-15
CLM-10147,Individual,Relocation Expenses,Approved,27761.76,16685.87,Smith & Associates,2023-08-09,2025-06-11
CLM-10148,Business,Business Interruption,Rejected,1513331.3,0.0,Chen Defenders,2023-01-10,2025-12-21
CLM-10149,Individual,Relocation Expenses,Disbursed,39236.9,31880.23,Gomez Legal,2023-10-09,2024-10-31
CLM-10150,Business,Structural Damage,Under Review,139873.85,,Chen Defenders,2024-02-16,
CLM-10151,Business,Property Damage,Disbursed,2118879.65,1297154.52,Chen Defenders,2025-08-06,2025-08-07
CLM-10152,Business,Structural Damage,Under Review,1354912.3,,Gomez Legal,2024-05-02,
CLM-10153,Individual,Property Damage,Disbursed,31431.16,29428.49,Gomez Legal,2025-06-22,2026-01-20
CLM-10154,Individual,Relocation Expenses,Rejected,22365.51,0.0,Smith & Associates,2024-01-01,2025-06-16
CLM-10155,Individual,Relocation Expenses,Approved,119429.83,75810.25,Smith & Associates,2024-07-12,2024-10-15
CLM-10156,Individual,Relocation Expenses,Disbursed,85872.63,70912.19,Gomez Legal,2023-05-19,2023-11-20
CLM-10157,Individual,Property Damage,Disbursed,57646.93,47749.6,Chen Defenders,2025-07-03,2025-07-23
CLM-10158,Individual,Property Damage,Rejected,52900.53,0.0,Patel Law Group,2024-03-24,2025-02-07
CLM-10159,Individual,Property Damage,Under Review,27164.58,,Rivera & Co,2025-01-17,
CLM-10160,Individual,Lost Agricultural Income,Disbursed,17743.71,11041.23,Chen Defenders,2024-07-29,2025-07-17
CLM-10161,Business,Property Damage,Approved,1335052.9,1325642.71,Rivera & Co,2024-12-12,2025-03-07
CLM-10162,Individual,Relocation Expenses,Rejected,88519.77,0.0,Gomez Legal,2023-01-02,2024-10-05
CLM-10163,Individual,Relocation Expenses,Under Review,42395.91,,Smith & Associates,2023-09-08,
CLM-10164,Individual,Property Damage,Disbursed,109176.3,86320.0,Rivera & Co,2025-09-23,2026-02-06
CLM-10165,Business,Business Interruption,Approved,508257.18,391446.76,Chen Defenders,2023-03-22,2025-05-23
CLM-10166,Individual,Property Damage,Disbursed,81826.8,74226.06,Patel Law Group,2025-03-07,2025-08-28
CLM-10167,Individual,Relocation Expenses,Approved,27382.59,22263.03,Rivera & Co,2023-06-16,2024-02-04
CLM-10168,Individual,Relocation Expenses,Disbursed,70868.86,58081.91,Rivera & Co,2023-02-22,2023-08-03
CLM-10169,Individual,Relocation Expenses,Under Review,17740.88,,Rivera & Co,2023-09-09,
CLM-10170,Individual,Property Damage,Approved,91367.62,69872.14,Chen Defenders,2023-09-19,2024-02-09
CLM-10171,Individual,Property Damage,Disbursed,128355.48,97987.51,Chen Defenders,2023-09-12,2025-07-30
CLM-10172,Business,Property Damage,Under Review,2348934.12,,Patel Law Group,2023-12-01,
CLM-10173,Individual,Relocation Expenses,Disbursed,11973.72,11149.64,Chen Defenders,2025-09-10,2025-11-13
CLM-10174,Business,Structural Damage,Under Review,2071575.06,,Chen Defenders,2025-12-08,
CLM-10175,Individual,Relocation Expenses,Approved,80844.49,76873.43,Gomez Legal,2023-11-17,2024-07-09
CLM-10176,Individual,Lost Agricultural Income,Rejected,108498.46,0.0,Gomez Legal,2025-09-26,2025-11-08
CLM-10177,Individual,Property Damage,Disbursed,113403.36,78575.5,Smith & Associates,2023-10-19,2026-01-07
CLM-10178,Business,Property Damage,Under Review,1353050.83,,Chen Defenders,2024-06-20,
CLM-10179,Individual,Lost Agricultural Income,Rejected,21950.22,0.0,Patel Law Group,2025-02-20,2025-05-16
CLM-10180,Individual,Relocation Expenses,Disbursed,25194.45,21365.63,Chen Defenders,2023-01-12,2025-04-11
CLM-10181,Individual,Lost Agricultural Income,Rejected,88106.87,0.0,Gomez Legal,2023-01-21,2024-03-14
CLM-10182,Business,Business Interruption,Disbursed,658798.39,404115.48,Smith & Associates,2024-05-13,2025-09-16
CLM-10183,Individual,Relocation Expenses,Disbursed,76627.32,49130.86,Chen Defenders,2024-03-14,2024-11-04
CLM-10184,Individual,Lost Agricultural Income,Under Review,127735.58,,Gomez Legal,2024-12-02,
CLM-10185,Individual,Property Damage,Approved,83279.79,63590.95,Patel Law Group,2023-06-07,2025-06-03
CLM-10186,Business,Property Damage,Disbursed,1620811.7,1324348.67,Gomez Legal,2025-06-18,2025-10-15
CLM-10187,Individual,Property Damage,Rejected,124885.83,0.0,Gomez Legal,2024-11-19,2025-05-10
CLM-10188,Individual,Relocation Expenses,Approved,63123.46,61792.4,Smith & Associates,2025-03-20,2025-12-11
CLM-10189,Individual,Property Damage,Under Review,25171.85,,Smith & Associates,2025-11-06,
CLM-10190,Individual,Lost Agricultural Income,Disbursed,140157.15,123150.53,Gomez Legal,2024-09-05,2025-05-20
CLM-10191,Business,Property Damage,Disbursed,423720.66,357063.48,Gomez Legal,2024-01-02,2025-01-05
CLM-10192,Individual,Property Damage,Disbursed,20115.81,19397.16,Rivera & Co,2024-08-23,2024-10-17
CLM-10193,Individual,Property Damage,Disbursed,147801.97,96051.34,Patel Law Group,2025-12-25,2026-02-09
CLM-10194,Business,Property Damage,Under Review,813038.45,,Patel Law Group,2025-09-12,
CLM-10195,Individual,Lost Agricultural Income,Approved,12940.44,11919.97,Gomez Legal,2024-03-23,2024-04-16
CLM-10196,Individual,Property Damage,Approved,21568.76,20391.26,Smith & Associates,2024-10-09,2025-11-22
CLM-10197,Business,Property Damage,Disbursed,900035.34,702826.06,Chen Defenders,2023-07-29,2024-09-06
CLM-10198,Individual,Lost Agricultural Income,Under Review,25424.27,,Gomez Legal,2023-07-16,
CLM-10199,Individual,Relocation Expenses,Approved,9912.48,9042.15,Rivera & Co,2023-02-12,2023-08-13
CLM-10200,Individual,Relocation Expenses,Disbursed,6898.7,4630.51,Gomez Legal,2023-10-20,2024-10-16
CLM-10201,Municipality,Structural Damage,Approved,2337964.55,1482596.53,Chen Defenders,2025-09-27,2025-12-16
CLM-10202,Municipality,Structural Damage,Disbursed,5519755.09,3459951.34,Smith & Associates,2024-04-01,2024-06-13
CLM-10203,Business,Property Damage,Approved,2009465.95,1582037.94,Patel Law Group,2025-11-12,2025-12-30
CLM-10204,Individual,Property Damage,Disbursed,73449.71,46000.34,Chen Defenders,2024-09-20,2026-01-26
CLM-10205,Business,Property Damage,Disbursed,1342736.94,1064031.99,Smith & Associates,2025-02-25,2025-04-28
CLM-10206,Individual,Lost Agricultural Income,Under Review,27509.84,,Rivera & Co,2025-05-29,
CLM-10207,Business,Property Damage,Under Review,1895453.24,,Patel Law Group,2025-08-24,
CLM-10208,Business,Structural Damage,Under Review,1051398.72,,Rivera & Co,2024-02-18,
CLM-10209,Individual,Relocation Expenses,Approved,130714.1,107275.63,Patel Law Group,2024-07-11,2024-09-18
CLM-10210,Individual,Lost Agricultural Income,Under Review,102424.45,,Rivera & Co,2024-11-19,
CLM-10211,Individual,Lost Agricultural Income,Rejected,87569.31,0.0,Chen Defenders,2024-01-01,2024-07-09
CLM-10212,Individual,Relocation Expenses,Rejected,121770.67,0.0,Smith & Associates,2023-08-05,2024-10-15
CLM-10213,Individual,Relocation Expenses,Approved,125381.88,108735.44,Gomez Legal,2024-01-18,2025-07-01
CLM-10214,Individual,Lost Agricultural Income,Under Review,51978.56,,Rivera & Co,2023-08-17,
CLM-10215,Individual,Property Damage,Under Review,35143.51,,Smith & Associates,2024-04-18,
CLM-10216,Individual,Property Damage,Rejected,66106.56,0.0,Smith & Associates,2023-04-15,2024-12-10
CLM-10217,Business,Property Damage,Approved,685587.41,573231.96,Chen Defenders,2023-01-03,2023-04-08
CLM-10218,Individual,Property Damage,Disbursed,55052.86,41020.06,Chen Defenders,2023-07-29,2024-06-13
CLM-10219,Business,Property Damage,Disbursed,2373710.6,1557261.61,Rivera & Co,2025-02-12,2025-05-02
CLM-10220,Business,Property Damage,Disbursed,2241652.96,1726264.22,Gomez Legal,2025-03-15,2025-07-03
CLM-10221,Individual,Relocation Expenses,Disbursed,112544.61,85648.7,Smith & Associates,2025-12-25,2026-02-10
CLM-10222,Individual,Relocation Expenses,Rejected,126064.88,0.0,Patel Law Group,2024-07-08,2024-12-24
CLM-10223,Individual,Property Damage,Disbursed,105227.17,97759.57,Rivera & Co,2024-04-12,2025-02-11
CLM-10224,Individual,Relocation Expenses,Under Review,88594.89,,Chen Defenders,2025-01-01,
CLM-10225,Individual,Property Damage,Disbursed,77132.41,49567.72,Chen Defenders,2023-07-27,2025-11-14
CLM-10226,Individual,Lost Agricultural Income,Rejected,135502.7,0.0,Patel Law Group,2023-05-15,2024-01-27
CLM-10227,Individual,Property Damage,Under Review,101430.32,,Smith & Associates,2025-09-07,
CLM-10228,Business,Structural Damage,Disbursed,1040734.68,800131.83,Rivera & Co,2025-02-25,2025-12-22
CLM-10229,Individual,Relocation Expenses,Under Review,112014.87,,Patel Law Group,2024-07-14,
CLM-10230,Individual,Relocation Expenses,Disbursed,14896.21,11542.74,Smith & Associates,2024-07-13,2024-10-21
CLM-10231,Business,Property Damage,Disbursed,777948.2,614905.94,Gomez Legal,2023-03-24,2024-01-17
CLM-10232,Individual,Relocation Expenses,Approved,24575.19,17398.36,Gomez Legal,2024-05-15,2025-04-19
CLM-10233,Individual,Lost Agricultural Income,Under Review,91286.3,,Chen Defenders,2023-04-08,
CLM-10234,Individual,Property Damage,Disbursed,27427.46,21659.33,Smith & Associates,2024-10-20,2025-03-18
CLM-10235,Individual,Property Damage,Disbursed,64855.06,54433.79,Rivera & Co,2023-02-02,2024-10-18
CLM-10236,Individual,Lost Agricultural Income,Disbursed,123769.84,108654.89,Rivera & Co,2025-10-12,2025-11-20
CLM-10237,Individual,Relocation Expenses,Approved,19948.59,18411.99,Rivera & Co,2024-12-11,2025-03-19
CLM-10238,Municipality,Structural Damage,Disbursed,8110122.03,6557198.03,Gomez Legal,2023-12-13,2025-09-03
CLM-10239,Individual,Lost Agricultural Income,Disbursed,111172.61,95999.03,Patel Law Group,2024-08-04,2025-08-28
CLM-10240,Individual,Relocation Expenses,Rejected,147183.64,0.0,Smith & Associates,2024-12-14,2025-05-27
CLM-10241,Individual,Lost Agricultural Income,Rejected,148211.86,0.0,Smith & Associates,2025-12-28,2026-01-19
CLM-10242,Individual,Relocation Expenses,Rejected,90298.24,0.0,Gomez Legal,2024-09-21,2025-10-11
CLM-10243,Individual,Relocation Expenses,Under Review,137745.8,,Patel Law Group,2025-07-08,
CLM-10244,Individual,Property Damage,Under Review,32926.86,,Chen Defenders,2024-05-16,
CLM-10245,Individual,Property Damage,Rejected,73761.06,0.0,Gomez Legal,2024-06-06,2024-11-06
CLM-10246,Business,Structural Damage,Disbursed,1329964.71,1143858.68,Gomez Legal,2023-01-29,2025-12-10
CLM-10247,Individual,Property Damage,Disbursed,16158.21,11891.63,Rivera & Co,2023-06-20,2024-11-17
CLM-10248,Business,Property Damage,Disbursed,822461.33,753612.49,Smith & Associates,2023-07-09,2023-09-10
CLM-10249,Individual,Relocation Expenses,Approved,80424.38,76456.74,Rivera & Co,2024-03-22,2025-05-23
CLM-10250,Individual,Lost Agricultural Income,Under Review,131164.34,,Patel Law Group,2024-03-25,
CLM-10251,Business,Business Interruption,Rejected,990711.53,0.0,Chen Defenders,2024-01-15,2024-05-17
CLM-10252,Individual,Relocation Expenses,Disbursed,55853.21,42491.58,Smith & Associates,2025-12-28,2026-01-06
CLM-10253,Individual,Property Damage,Under Review,89209.8,,Chen Defenders,2024-12-01,
CLM-10254,Individual,Relocation Expenses,Approved,65576.18,58692.84,Gomez Legal,2023-07-02,2025-05-23
CLM-10255,Individual,Lost Agricultural Income,Under Review,72760.06,,Rivera & Co,2023-01-07,
CLM-10256,Business,Structural Damage,Under Review,622338.99,,Chen Defenders,2023-09-07,
CLM-10257,Individual,Relocation Expenses,Under Review,11539.6,,Patel Law Group,2024-05-18,
CLM-10258,Individual,Lost Agricultural Income,Disbursed,142744.37,90751.79,Chen Defenders,2025-01-24,2025-03-29
CLM-10259,Individual,Lost Agricultural Income,Approved,141986.14,120030.05,Smith & Associates,2023-07-01,2025-09-30
CLM-10260,Individual,Lost Agricultural Income,Disbursed,63229.13,43768.95,Gomez Legal,2023-08-12,2025-08-06
CLM-10261,Business,Structural Damage,Under Review,615141.04,,Smith & Associates,2024-10-27,
CLM-10262,Individual,Property Damage,Disbursed,143804.19,132344.13,Patel Law Group,2024-03-03,2025-08-18
CLM-10263,Individual,Lost Agricultural Income,Rejected,133148.95,0.0,Smith & Associates,2023-12-23,2025-05-28
CLM-10264,Municipality,Structural Damage,Approved,2565057.24,2317004.38,Chen Defenders,2023-05-28,2023-12-10
CLM-10265,Individual,Lost Agricultural Income,Under Review,123295.8,,Smith & Associates,2023-06-27,
CLM-10266,Individual,Lost Agricultural Income,Rejected,10055.45,0.0,Chen Defenders,2024-12-26,2025-08-27
CLM-10267,Business,Property Damage,Under Review,2199779.11,,Smith & Associates,2023-03-26,
CLM-10268,Individual,Property Damage,Rejected,11434.62,0.0,Rivera & Co,2023-10-30,2024-08-18
CLM-10269,Individual,Lost Agricultural Income,Disbursed,100010.09,63485.88,Smith & Associates,2025-12-04,2026-02-14
CLM-10270,Individual,Lost Agricultural Income,Disbursed,5736.91,3554.09,Smith & Associates,2024-06-02,2025-10-09
CLM-10271,Individual,Property Damage,Disbursed,36926.56,23280.44,Smith & Associates,2025-10-07,2025-12-16
CLM-10272,Business,Business Interruption,Disbursed,1227437.11,1141359.87,Rivera & Co,2025-02-17,2025-11-11
CLM-10273,Individual,Relocation Expenses,Rejected,83847.94,0.0,Patel Law Group,2024-07-21,2025-11-07
CLM-10274,Business,Property Damage,Under Review,2176993.97,,Chen Defenders,2025-10-03,
CLM-10275,Individual,Property Damage,Under Review,53431.29,,Patel Law Group,2024-03-10,
CLM-10276,Business,Property Damage,Under Review,1762527.31,,Gomez Legal,2024-02-27,
CLM-10277,Business,Business Interruption,Under Review,2186016.64,,Gomez Legal,2024-02-18,
CLM-10278,Business,Structural Damage,Under Review,2058869.95,,Patel Law Group,2025-01-27,
CLM-10279,Business,Structural Damage,Disbursed,2054019.21,1649350.92,Patel Law Group,2024-04-24,2024-08-17
CLM-10280,Individual,Property Damage,Rejected,94454.4,0.0,Chen Defenders,2024-09-29,2025-03-21
CLM-10281,Individual,Lost Agricultural Income,Under Review,59620.83,,Patel Law Group,2025-06-02,
CLM-10282,Business,Structural Damage,Under Review,744190.22,,Gomez Legal,2024-02-10,
CLM-10283,Individual,Relocation Expenses,Disbursed,54571.46,53087.73,Gomez Legal,2024-02-12,2025-07-21
CLM-10284,Individual,Relocation Expenses,Under Review,142358.19,,Patel Law Group,2024-06-23,
CLM-10285,Business,Business Interruption,Approved,1476317.63,1252457.99,Patel Law Group,2024-12-19,2025-03-25
CLM-10286,Individual,Relocation Expenses,Disbursed,148571.51,115645.59,Gomez Legal,2024-05-01,2025-05-08
CLM-10287,Individual,Property Damage,Under Review,60623.78,,Rivera & Co,2023-10-24,
CLM-10288,Business,Property Damage,Disbursed,1247175.82,1089181.28,Chen Defenders,2024-07-27,2026-02-17
CLM-10289,Individual,Relocation Expenses,Rejected,72938.22,0.0,Patel Law Group,2023-06-05,2024-10-04
CLM-10290,Individual,Property Damage,Disbursed,28725.45,25205.8,Smith & Associates,2023-07-12,2024-09-14
CLM-10291,Individual,Relocation Expenses,Under Review,117059.3,,Rivera & Co,2023-02-15,
CLM-10292,Individual,Lost Agricultural Income,Under Review,142875.22,,Smith & Associates,2024-06-26,
CLM-10293,Individual,Property Damage,Rejected,136881.05,0.0,Patel Law Group,2025-09-20,2025-10-01
CLM-10294,Municipality,Structural Damage,Approved,7840846.71,5682895.12,Chen Defenders,2025-02-20,2025-03-02
CLM-10295,Individual,Relocation Expenses,Under Review,38343.42,,Rivera & Co,2024-02-07,
CLM-10296,Individual,Property Damage,Disbursed,108663.99,85693.83,Rivera & Co,2024-08-27,2024-12-18
CLM-10297,Individual,Relocation Expenses,Under Review,34536.68,,Chen Defenders,2025-03-09,
CLM-10298,Individual,Lost Agricultural Income,Disbursed,127493.57,108431.77,Gomez Legal,2023-06-20,2024-09-09
CLM-10299,Individual,Property Damage,Rejected,137216.23,0.0,Gomez Legal,2023-11-11,2024-04-26
CLM-10300,Individual,Lost Agricultural Income,Under Review,74820.74,,Patel Law Group,2024-02-25,
CLM-10301,Individual,Property Damage,Approved,34076.09,21320.85,Smith & Associates,2024-05-14,2025-10-11
CLM-10302,Individual,Property Damage,Approved,90588.27,90021.24,Patel Law Group,2023-08-29,2025-09-10
CLM-10303,Individual,Property Damage,Approved,15504.8,12279.42,Patel Law Group,2024-10-05,2025-04-16
CLM-10304,Individual,Lost Agricultural Income,Rejected,105772.37,0.0,Smith & Associates,2024-06-16,2024-09-11
CLM-10305,Business,Property Damage,Under Review,1227242.02,,Chen Defenders,2023-05-11,
CLM-10306,Individual,Property Damage,Under Review,87781.15,,Rivera & Co,2023-11-14,
CLM-10307,Individual,Property Damage,Under Review,86149.06,,Chen Defenders,2025-12-26,
CLM-10308,Individual,Relocation Expenses,Rejected,82465.12,0.0,Gomez Legal,2025-04-19,2025-05-01
CLM-10309,Individual,Property Damage,Approved,16393.88,10706.62,Rivera & Co,2023-06-08,2025-10-23
CLM-10310,Individual,Relocation Expenses,Disbursed,105513.12,65046.03,Smith & Associates,2025-04-25,2025-07-31
CLM-10311,Individual,Lost Agricultural Income,Rejected,23011.9,0.0,Smith & Associates,2025-05-12,2025-05-23
CLM-10312,Individual,Property Damage,Disbursed,12535.84,11076.97,Patel Law Group,2023-06-06,2024-07-06
CLM-10313,Business,Structural Damage,Disbursed,1581996.42,1336633.83,Chen Defenders,2025-09-06,2025-09-18
CLM-10314,Individual,Lost Agricultural Income,Disbursed,134748.42,124900.89,Patel Law Group,2024-04-25,2025-12-12
CLM-10315,Individual,Lost Agricultural Income,Under Review,10909.35,,Rivera & Co,2023-12-10,
CLM-10316,Individual,Relocation Expenses,Under Review,13751.05,,Smith & Associates,2023-05-05,
CLM-10317,Individual,Property Damage,Approved,94282.59,74301.57,Rivera & Co,2023-04-20,2023-07-28
CLM-10318,Business,Business Interruption,Disbursed,1984761.34,1586376.64,Smith & Associates,2023-04-08,2024-01-13
CLM-10319,Individual,Relocation Expenses,Approved,99723.14,81472.95,Smith & Associates,2023-06-01,2024-11-14
CLM-10320,Individual,Relocation Expenses,Under Review,63472.9,,Gomez Legal,2024-08-27,
CLM-10321,Individual,Lost Agricultural Income,Approved,42364.02,40131.82,Chen Defenders,2023-11-13,2024-01-16
CLM-10322,Business,Business Interruption,Disbursed,2123300.97,1898528.58,Gomez Legal,2025-04-14,2025-05-13
CLM-10323,Business,Structural Damage,Disbursed,2174227.17,1685996.13,Smith & Associates,2024-09-02,2025-01-01
CLM-10324,Business,Structural Damage,Disbursed,1514422.73,1305438.05,Rivera & Co,2025-12-23,2026-01-02
CLM-10325,Municipality,Structural Damage,Approved,3554690.76,2678597.63,Smith & Associates,2025-02-22,2026-02-10
CLM-10326,Individual,Property Damage,Under Review,111301.39,,Smith & Associates,2023-03-15,
CLM-10327,Business,Structural Damage,Under Review,490223.62,,Rivera & Co,2024-01-13,
CLM-10328,Municipality,Structural Damage,Rejected,2628792.57,0.0,Rivera & Co,2024-01-10,2025-01-12
CLM-10329,Individual,Relocation Expenses,Approved,19122.04,16008.35,Gomez Legal,2025-02-07,2025-10-07
CLM-10330,Individual,Relocation Expenses,Disbursed,18812.92,13636.72,Smith & Associates,2025-08-09,2025-08-24
CLM-10331,Individual,Lost Agricultural Income,Approved,100226.82,91145.19,Chen Defenders,2025-12-18,2026-01-12
CLM-10332,Individual,Property Damage,Under Review,39369.04,,Rivera & Co,2024-08-10,
CLM-10333,Business,Structural Damage,Disbursed,465906.87,342348.96,Chen Defenders,2024-09-30,2025-06-17
CLM-10334,Business,Business Interruption,Disbursed,1151112.9,1127438.35,Patel Law Group,2023-05-15,2025-11-28
CLM-10335,Individual,Relocation Expenses,Under Review,29304.79,,Smith & Associates,2023-12-25,
CLM-10336,Business,Business Interruption,Disbursed,1357104.22,1197175.24,Patel Law Group,2025-04-15,2025-08-27
CLM-10337,Individual,Lost Agricultural Income,Under Review,130899.34,,Chen Defenders,2023-12-19,
CLM-10338,Individual,Relocation Expenses,Under Review,148070.48,,Rivera & Co,2023-08-31,
CLM-10339,Individual,Relocation Expenses,Under Review,10704.81,,Chen Defenders,2023-03-23,
CLM-10340,Individual,Property Damage,Under Review,17840.56,,Gomez Legal,2024-03-30,
CLM-10341,Individual,Relocation Expenses,Approved,62619.95,54754.08,Chen Defenders,2024-01-08,2024-08-19
CLM-10342,Individual,Property Damage,Rejected,97672.39,0.0,Rivera & Co,2025-04-10,2025-06-30
CLM-10343,Individual,Lost Agricultural Income,Approved,80650.86,65560.92,Smith & Associates,2025-04-26,2026-01-20
CLM-10344,Individual,Relocation Expenses,Disbursed,49649.84,33798.7,Smith & Associates,2023-05-24,2024-10-01
CLM-10345,Individual,Relocation Expenses,Disbursed,32310.62,21404.67,Gomez Legal,2023-05-29,2024-01-09
CLM-10346,Individual,Lost Agricultural Income,Disbursed,30686.72,28699.64,Gomez Legal,2023-01-25,2023-12-05
CLM-10347,Business,Structural Damage,Under Review,92914.18,,Gomez Legal,2025-02-22,
CLM-10348,Business,Property Damage,Under Review,1447993.88,,Smith & Associates,2023-01-10,
CLM-10349,Business,Structural Damage,Disbursed,2300760.6,2246347.94,Chen Defenders,2023-10-09,2024-04-17
CLM-10350,Business,Business Interruption,Approved,1464103.83,971747.64,Smith & Associates,2025-04-14,2025-08-25
CLM-10351,Individual,Lost Agricultural Income,Approved,146690.26,139106.58,Rivera & Co,2025-10-30,2025-12-12
CLM-10352,Business,Business Interruption,Under Review,757279.71,,Smith & Associates,2025-04-19,
CLM-10353,Individual,Relocation Expenses,Disbursed,52419.81,48390.74,Gomez Legal,2023-03-12,2023-11-20
CLM-10354,Business,Business Interruption,Rejected,827129.51,0.0,Chen Defenders,2024-08-10,2025-06-02
CLM-10355,Individual,Relocation Expenses,Under Review,83950.92,,Patel Law Group,2024-01-06,
CLM-10356,Individual,Relocation Expenses,Disbursed,62445.04,47172.43,Patel Law Group,2025-07-19,2026-02-13
CLM-10357,Individual,Property Damage,Approved,84124.6,50968.3,Chen Defenders,2023-11-22,2025-02-24
CLM-10358,Individual,Relocation Expenses,Disbursed,98173.52,78556.3,Chen Defenders,2023-03-19,2023-07-22
CLM-10359,Individual,Relocation Expenses,Under Review,74481.37,,Patel Law Group,2025-01-20,
CLM-10360,Individual,Property Damage,Disbursed,62829.3,51107.93,Chen Defenders,2025-10-10,2025-10-30
CLM-10361,Individual,Lost Agricultural Income,Disbursed,122882.93,120696.78,Smith & Associates,2023-05-02,2023-05-20
CLM-10362,Individual,Lost Agricultural Income,Rejected,67475.0,0.0,Patel Law Group,2023-03-22,2025-06-15
CLM-10363,Individual,Lost Agricultural Income,Rejected,40304.93,0.0,Patel Law Group,2023-05-09,2025-05-17
CLM-10364,Individual,Property Damage,Under Review,74481.57,,Rivera & Co,2025-01-14,
CLM-10365,Individual,Property Damage,Approved,46306.57,42658.09,Patel Law Group,2024-04-05,2024-06-21
CLM-10366,Individual,Relocation Expenses,Disbursed,93498.4,66295.0,Gomez Legal,2023-02-12,2026-01-05
CLM-10367,Individual,Property Damage,Under Review,80759.75,,Gomez Legal,2023-07-07,
CLM-10368,Business,Property Damage,Disbursed,1336650.29,859133.0,Gomez Legal,2023-08-09,2025-03-17
CLM-10369,Individual,Relocation Expenses,Approved,138074.11,87651.6,Rivera & Co,2023-10-07,2025-06-20
CLM-10370,Business,Business Interruption,Rejected,1601220.87,0.0,Chen Defenders,2025-07-04,2025-07-28
CLM-10371,Individual,Relocation Expenses,Disbursed,79700.4,73124.92,Gomez Legal,2023-11-08,2023-11-09
CLM-10372,Individual,Relocation Expenses,Rejected,57312.02,0.0,Gomez Legal,2024-12-07,2025-08-16
CLM-10373,Business,Business Interruption,Disbursed,630332.87,447487.43,Chen Defenders,2023-12-19,2024-06-15
CLM-10374,Business,Property Damage,Under Review,1685497.25,,Chen Defenders,2025-02-19,
CLM-10375,Individual,Property Damage,Under Review,66472.0,,Rivera & Co,2024-11-08,
CLM-10376,Individual,Relocation Expenses,Disbursed,73569.34,49392.86,Gomez Legal,2025-08-04,2025-12-09
CLM-10377,Individual,Lost Agricultural Income,Disbursed,93028.64,64448.27,Patel Law Group,2024-11-23,2025-11-04
CLM-10378,Individual,Property Damage,Under Review,13475.92,,Smith & Associates,2025-10-09,
CLM-10379,Individual,Lost Agricultural Income,Approved,105795.96,81598.29,Smith & Associates,2023-09-11,2025-11-07
CLM-10380,Business,Business Interruption,Approved,88761.67,82324.92,Patel Law Group,2023-11-28,2024-10-13
CLM-10381,Individual,Relocation Expenses,Under Review,88866.1,,Patel Law Group,2023-12-20,
CLM-10382,Individual,Property Damage,Under Review,134657.68,,Gomez Legal,2025-02-03,
CLM-10383,Individual,Lost Agricultural Income,Disbursed,54816.27,42590.27,Chen Defenders,2023-01-07,2023-03-08
CLM-10384,Business,Business Interruption,Disbursed,221332.43,156804.95,Chen Defenders,2023-08-04,2024-06-04
CLM-10385,Individual,Lost Agricultural Income,Approved,82278.88,60326.94,Gomez Legal,2025-11-21,2026-02-09
CLM-10386,Individual,Lost Agricultural Income,Approved,59879.08,59770.83,Smith & Associates,2023-11-18,2023-12-06
CLM-10387,Individual,Relocation Expenses,Rejected,86533.04,0.0,Gomez Legal,2023-02-10,2023-10-01
CLM-10388,Individual,Lost Agricultural Income,Under Review,114451.48,,Patel Law Group,2023-05-21,
CLM-10389,Individual,Relocation Expenses,Disbursed,70303.79,51956.51,Chen Defenders,2025-05-24,2025-09-18
CLM-10390,Individual,Lost Agricultural Income,Under Review,139440.78,,Rivera & Co,2025-05-31,
CLM-10391,Individual,Relocation Expenses,Rejected,148910.11,0.0,Patel Law Group,2024-11-26,2025-02-24
CLM-10392,Individual,Property Damage,Under Review,102375.97,,Rivera & Co,2024-07-05,
CLM-10393,Individual,Lost Agricultural Income,Disbursed,130379.5,104660.24,Patel Law Group,2023-07-05,2025-06-16
CLM-10394,Individual,Property Damage,Approved,10243.26,7224.01,Chen Defenders,2025-09-01,2025-12-11
CLM-10395,Individual,Property Damage,Under Review,55216.66,,Smith & Associates,2023-11-14,
CLM-10396,Individual,Lost Agricultural Income,Approved,62562.32,52567.22,Gomez Legal,2025-11-20,2026-01-22
CLM-10397,Individual,Lost Agricultural Income,Disbursed,119010.01,98377.26,Smith & Associates,2025-12-25,2026-02-07
CLM-10398,Individual,Lost Agricultural Income,Disbursed,62590.92,53276.14,Smith & Associates,2025-08-15,2025-11-28
CLM-10399,Individual,Relocation Expenses,Disbursed,130868.22,119876.88,Gomez Legal,2024-02-17,2024-11-11
CLM-10400,Individual,Property Damage,Under Review,51766.56,,Gomez Legal,2025-10-22,
CLM-10401,Individual,Lost Agricultural Income,Rejected,55184.46,0.0,Gomez Legal,2024-07-10,2025-05-25
CLM-10402,Individual,Property Damage,Approved,88398.69,64132.46,Gomez Legal,2025-03-31,2026-01-18
CLM-10403,Individual,Property Damage,Disbursed,92906.68,62241.48,Rivera & Co,2025-04-26,2026-01-24
CLM-10404,Individual,Property Damage,Disbursed,124654.11,80863.72,Patel Law Group,2023-11-15,2024-07-10
CLM-10405,Individual,Property Damage,Under Review,38719.95,,Patel Law Group,2025-07-12,
CLM-10406,Business,Business Interruption,Rejected,2344300.48,0.0,Rivera & Co,2024-12-02,2025-07-22
CLM-10407,Individual,Lost Agricultural Income,Under Review,97919.82,,Smith & Associates,2024-04-26,
CLM-10408,Individual,Lost Agricultural Income,Under Review,27043.6,,Patel Law Group,2023-06-26,
CLM-10409,Business,Structural Damage,Approved,568800.61,512888.32,Smith & Associates,2025-12-08,2026-01-14
CLM-10410,Individual,Lost Agricultural Income,Under Review,147633.44,,Patel Law Group,2025-05-13,
CLM-10411,Individual,Property Damage,Under Review,118490.93,,Rivera & Co,2025-10-02,
CLM-10412,Individual,Property Damage,Rejected,78866.21,0.0,Smith & Associates,2023-07-22,2023-10-22
CLM-10413,Business,Property Damage,Under Review,590966.44,,Rivera & Co,2023-05-10,
CLM-10414,Individual,Relocation Expenses,Under Review,66782.09,,Gomez Legal,2023-09-30,
CLM-10415,Business,Structural Damage,Approved,1652485.7,1338846.97,Smith & Associates,2024-02-25,2024-05-28
CLM-10416,Individual,Lost Agricultural Income,Disbursed,111374.09,67315.89,Rivera & Co,2024-06-05,2025-11-18
CLM-10417,Individual,Lost Agricultural Income,Disbursed,65694.19,54714.02,Patel Law Group,2025-07-03,2025-11-29
CLM-10418,Individual,Lost Agricultural Income,Approved,94747.49,88467.75,Patel Law Group,2024-04-23,2024-12-12
CLM-10419,Individual,Property Damage,Rejected,121222.88,0.0,Gomez Legal,2024-02-28,2025-03-01
CLM-10420,Individual,Lost Agricultural Income,Disbursed,43548.41,34827.12,Chen Defenders,2024-01-10,2025-01-25
CLM-10421,Individual,Property Damage,Under Review,75794.96,,Gomez Legal,2023-07-28,
CLM-10422,Individual,Relocation Expenses,Approved,74022.63,56093.65,Gomez Legal,2024-10-05,2025-12-16
CLM-10423,Individual,Property Damage,Under Review,143652.22,,Patel Law Group,2024-04-28,
CLM-10424,Individual,Property Damage,Disbursed,141710.52,89357.94,Patel Law Group,2024-11-26,2026-01-12
CLM-10425,Individual,Relocation Expenses,Rejected,10571.82,0.0,Patel Law Group,2025-04-02,2025-10-02
CLM-10426,Individual,Lost Agricultural Income,Approved,76840.56,59939.46,Patel Law Group,2023-10-25,2024-10-28
CLM-10427,Individual,Property Damage,Disbursed,14664.55,9679.59,Patel Law Group,2024-10-10,2024-11-01
CLM-10428,Business,Business Interruption,Under Review,1136019.06,,Gomez Legal,2024-08-20,
CLM-10429,Individual,Lost Agricultural Income,Under Review,108866.89,,Gomez Legal,2024-07-16,
CLM-10430,Individual,Property Damage,Disbursed,143692.7,106519.48,Rivera & Co,2025-08-29,2025-10-10
CLM-10431,Individual,Lost Agricultural Income,Rejected,145758.74,0.0,Gomez Legal,2024-07-06,2024-10-23
CLM-10432,Business,Property Damage,Under Review,476567.87,,Patel Law Group,2023-01-23,
CLM-10433,Individual,Relocation Expenses,Under Review,8037.02,,Smith & Associates,2023-07-19,
CLM-10434,Municipality,Structural Damage,Disbursed,3659003.0,3109660.15,Smith & Associates,2025-05-06,2025-07-12
CLM-10435,Individual,Relocation Expenses,Under Review,6512.02,,Chen Defenders,2024-11-10,
CLM-10436,Individual,Property Damage,Disbursed,98366.12,60670.3,Patel Law Group,2024-06-10,2024-12-05
CLM-10437,Municipality,Structural Damage,Under Review,8188427.72,,Chen Defenders,2023-08-30,
CLM-10438,Municipality,Structural Damage,Disbursed,6416934.31,5770295.17,Chen Defenders,2023-04-26,2025-03-17
CLM-10439,Business,Structural Damage,Approved,363834.58,353368.32,Smith & Associates,2023-10-14,2025-08-01
CLM-10440,Individual,Property Damage,Disbursed,59518.97,44964.27,Gomez Legal,2023-09-15,2025-04-03
CLM-10441,Individual,Relocation Expenses,Disbursed,139606.04,111464.13,Patel Law Group,2023-05-02,2024-04-14
CLM-10442,Individual,Property Damage,Disbursed,46456.48,43880.38,Gomez Legal,2023-12-25,2024-11-17
CLM-10443,Business,Business Interruption,Disbursed,1382840.62,951982.54,Chen Defenders,2024-10-11,2025-02-08
CLM-10444,Municipality,Structural Damage,Disbursed,7733727.15,5198904.03,Rivera & Co,2024-12-30,2025-03-08
CLM-10445,Individual,Relocation Expenses,Under Review,114212.16,,Chen Defenders,2025-07-03,
CLM-10446,Individual,Property Damage,Under Review,28898.15,,Smith & Associates,2025-08-15,
CLM-10447,Business,Property Damage,Approved,2414567.87,1594267.8,Smith & Associates,2025-05-25,2025-10-17
CLM-10448,Individual,Relocation Expenses,Disbursed,83624.39,67179.17,Chen Defenders,2023-07-19,2025-08-13
CLM-10449,Individual,Lost Agricultural Income,Under Review,26977.56,,Gomez Legal,2025-01-21,
CLM-10450,Individual,Property Damage,Under Review,115362.62,,Rivera & Co,2024-06-19,
CLM-10451,Individual,Property Damage,Rejected,112548.25,0.0,Patel Law Group,2025-05-15,2025-06-25
CLM-10452,Individual,Lost Agricultural Income,Disbursed,63216.68,43089.39,Gomez Legal,2024-11-15,2025-05-21
CLM-10453,Individual,Relocation Expenses,Under Review,94317.89,,Gomez Legal,2024-02-03,
CLM-10454,Individual,Property Damage,Disbursed,83110.87,78059.32,Smith & Associates,2025-11-26,2026-01-02
CLM-10455,Business,Business Interruption,Disbursed,77027.45,69592.03,Smith & Associates,2024-02-17,2025-02-08
CLM-10456,Individual,Lost Agricultural Income,Approved,127085.7,101772.78,Rivera & Co,2025-03-25,2025-05-06
CLM-10457,Individual,Lost Agricultural Income,Disbursed,70048.54,66859.81,Rivera & Co,2024-05-15,2025-01-11
CLM-10458,Individual,Property Damage,Under Review,101141.09,,Chen Defenders,2025-10-02,
CLM-10459,Individual,Relocation Expenses,Approved,94840.45,87033.08,Smith & Associates,2023-10-04,2024-03-06
CLM-10460,Individual,Lost Agricultural Income,Disbursed,131768.06,117189.49,Smith & Associates,2024-07-30,2025-09-03
CLM-10461,Individual,Relocation Expenses,Disbursed,86415.27,72709.38,Chen Defenders,2024-11-21,2025-09-05
CLM-10462,Individual,Relocation Expenses,Under Review,92311.12,,Patel Law Group,2024-03-09,
CLM-10463,Individual,Lost Agricultural Income,Under Review,16173.45,,Smith & Associates,2025-05-09,
CLM-10464,Individual,Relocation Expenses,Under Review,147385.53,,Rivera & Co,2023-08-08,
CLM-10465,Business,Property Damage,Under Review,1128487.54,,Patel Law Group,2025-02-12,
CLM-10466,Individual,Lost Agricultural Income,Approved,39199.35,24500.26,Rivera & Co,2023-06-23,2025-07-01
CLM-10467,Business,Property Damage,Rejected,2495951.4,0.0,Smith & Associates,2025-03-21,2025-05-06
CLM-10468,Individual,Property Damage,Approved,97445.22,65415.07,Chen Defenders,2023-10-11,2024-02-10
CLM-10469,Individual,Lost Agricultural Income,Approved,126771.33,105061.6,Gomez Legal,2025-10-17,2026-01-01
CLM-10470,Individual,Property Damage,Rejected,87004.74,0.0,Gomez Legal,2023-08-23,2024-11-02
CLM-10471,Individual,Lost Agricultural Income,Disbursed,8507.81,6033.98,Rivera & Co,2023-05-11,2025-12-28
CLM-10472,Individual,Property Damage,Under Review,118474.38,,Chen Defenders,2024-10-26,
CLM-10473,Business,Structural Damage,Disbursed,2188189.11,1475803.5,Patel Law Group,2024-08-16,2025-06-11
CLM-10474,Business,Structural Damage,Disbursed,2346515.57,2000330.04,Chen Defenders,2024-08-07,2025-08-06
CLM-10475,Individual,Lost Agricultural Income,Approved,76986.87,68657.14,Smith & Associates,2024-05-11,2025-08-24
CLM-10476,Business,Structural Damage,Under Review,601798.07,,Chen Defenders,2024-11-20,
CLM-10477,Individual,Property Damage,Under Review,143709.12,,Patel Law Group,2023-01-06,
CLM-10478,Individual,Relocation Expenses,Under Review,10261.71,,Gomez Legal,2025-02-02,
CLM-10479,Individual,Relocation Expenses,Under Review,41184.2,,Chen Defenders,2023-12-24,
CLM-10480,Business,Structural Damage,Under Review,2119734.12,,Chen Defenders,2025-03-28,
CLM-10481,Individual,Lost Agricultural Income,Rejected,14084.71,0.0,Patel Law Group,2025-04-29,2025-07-14
CLM-10482,Individual,Relocation Expenses,Approved,64608.86,62020.2,Smith & Associates,2024-05-16,2024-06-24
CLM-10483,Individual,Lost Agricultural Income,Disbursed,144692.19,141035.67,Chen Defenders,2024-11-29,2025-04-20
CLM-10484,Individual,Relocation Expenses,Rejected,110969.04,0.0,Smith & Associates,2024-08-25,2024-09-30
CLM-10485,Individual,Lost Agricultural Income,Under Review,110147.58,,Gomez Legal,2023-09-05,
CLM-10486,Individual,Lost Agricultural Income,Disbursed,145940.77,107967.35,Chen Defenders,2024-02-20,2025-07-12
CLM-10487,Individual,Relocation Expenses,Approved,109401.17,69528.39,Chen Defenders,2023-07-05,2025-12-26
CLM-10488,Individual,Property Damage,Under Review,80891.68,,Gomez Legal,2025-05-14,
CLM-10489,Business,Structural Damage,Disbursed,1379237.22,1130333.81,Rivera & Co,2023-06-23,2025-09-23
CLM-10490,Individual,Relocation Expenses,Approved,71453.59,47610.23,Patel Law Group,2023-06-17,2025-07-14
CLM-10491,Business,Business Interruption,Approved,1689104.73,1291668.89,Patel Law Group,2025-08-21,2025-11-15
CLM-10492,Individual,Relocation Expenses,Disbursed,47135.2,30391.57,Patel Law Group,2025-02-24,2026-01-21
CLM-10493,Individual,Lost Agricultural Income,Disbursed,12533.7,8529.75,Patel Law Group,2024-10-24,2025-07-05
CLM-10494,Individual,Relocation Expenses,Disbursed,52881.18,42715.0,Rivera & Co,2023-09-17,2023-12-26
CLM-10495,Individual,Property Damage,Under Review,100646.26,,Smith & Associates,2025-03-23,
CLM-10496,Individual,Property Damage,Rejected,70429.7,0.0,Gomez Legal,2023-11-16,2025-10-22
CLM-10497,Business,Property Damage,Under Review,1403658.36,,Smith & Associates,2024-03-01,
CLM-10498,Individual,Property Damage,Disbursed,61655.61,46166.06,Patel Law Group,2024-03-27,2025-11-11
CLM-10499,Individual,Lost Agricultural Income,Disbursed,60160.9,59306.05,Chen Defenders,2025-05-07,2025-10-15
CLM-10500,Individual,Relocation Expenses,Approved,18635.24,16827.49,Patel Law Group,2024-02-26,2024-11-11
